POKÈMON,#DEX,SPRITE,ENCOUNTERS,,,,,,,,,,,,,,,
Bulbasaur,#001,,,,,,,,,,,,,,,,,
Ivysaur,#002,,,,,,,,,,,,,,,,,
Venusaur,#003,,,,,,,,,,,,,,,,,
Charmander,#004,#NAME?,-,,,,,,,,,,,,,,,
Charmeleon,#005,#NAME?,-,,,,,,,,,,,,,,,
Charizard,#006,#NAME?,-,,,,,,,,,,,,,,,
Squirtle,#007,#NAME?,20.00,,,,,,,,,,,,,,,
Wartortle,#008,,,,,,,,,,,,,,,,,
Blastoise,#009,,,,,,,,,,,,,,,,,
Caterpie,#010,,,,,,,,,,,,,,,,,
Metapod,#011,,,,,,,,,,,,,,,,,
Butterfree,#012,,,,,,,,,,,,,,,,,
Weedle,#013,#NAME?,-,,,,,,,,,,,,,,,
Kakuna,#014,#NAME?,-,,,,,,,,,,,,,,,
Beedrill,#015,#NAME?,-,,,,,,,,,,,,,,,
Pidgey,#016,#NAME?,-,,,,,,,,,,,,,,,
Pidgeotto,#017,,,,,,,,,,,,,,,,,
Pidgeot,#018,#NAME?,-,,,,,,,,,,,,,,,
Rattata,#019,,,,,,,,,,,,,,,,,
Raticate,#020,,,,,,,,,,,,,,,,,
Spearow,#021,,,,,,,,,,,,,,,,,
Fearow,#022,,,,,,,,,,,,,,,,,
Ekans,#023,,,,,,,,,,,,,,,,,
Arbok,#024,,,,,,,,,,,,,,,,,
Pikachu,#025,#NAME?,-,,,,,,,,,,,,,,,
Raichu,#026,#NAME?,-,,,,,,,,,,,,,,,
Raichu (Alolan),#028,#NAME?,32,,,,,,,,,,,,,,,
Sandshrew,#027,,,,,,,,,,,,,,,,,
Sandslash,#028,#NAME?,-,,,,,,,,,,,,,,,
Sandslash (Alolan),#028,#NAME?,-,,,,,,,,,,,,,,,
Nidoran?,#029,,,,,,,,,,,,,,,,,
Nidorina,#030,,,,,,,,,,,,,,,,,
Nidoqueen,#031,,,,,,,,,,,,,,,,,
Nidoran?,#032,,,,,,,,,,,,,,,,,
Nidorino,#033,,,,,,,,,,,,,,,,,
Nidoking,#034,,,,,,,,,,,,,,,,,
Clefairy,#035,#NAME?,-,,,,,,,,,,,,,,,
Clefable,#036,,,,,,,,,,,,,,,,,
Vulpix,#037,,,,,,,,,,,,,,,,,
Ninetales,#038,#NAME?,-,,,,,,,,,,,,,,,
Jigglypuff,#039,,,,,,,,,,,,,,,,,
Wigglytuff,#040,,,,,,,,,,,,,,,,,
Zubat,#041,,,,,,,,,,,,,,,,,
Golbat,#042,#NAME?,-,,,,,,,,,,,,,,,
Oddish,#043,#NAME?,-,,,,,,,,,,,,,,,
Gloom,#044,,,,,,,,,,,,,,,,,
Vileplume,#045,,,,,,,,,,,,,,,,,
Paras,#046,,,,,,,,,,,,,,,,,
Parasect,#047,,,,,,,,,,,,,,,,,
Venonat,#048,,,,,,,,,,,,,,,,,
Venomoth,#049,,,,,,,,,,,,,,,,,
Diglett,#050,,,,,,,,,,,,,,,,,
Dugtrio,#051,,,,,,,,,,,,,,,,,
Meowth,#052,#NAME?,-,,,,,,,,,,,,,,,
Meowth (Alolan),#052,#NAME?,-,,,,,,,,,,,,,,,
Persian,#053,,,,,,,,,,,,,,,,,
Psyduck,#054,,,,,,,,,,,,,,,,,
Golduck,#055,,,,,,,,,,,,,,,,,
Mankey,#056,#NAME?,-,,,,,,,,,,,,,,,
Primeape,#057,,,,,,,,,,,,,,,,,
Growlithe,#058,,,,,,,,,,,,,,,,,
Arcanine,#059,,,,,,,,,,,,,,,,,
Poliwag,#060,,,,,,,,,,,,,,,,,
Poliwhirl,#061,,,,,,,,,,,,,,,,,
Poliwrath,#062,,,,,,,,,,,,,,,,,
Abra,#063,,,,,,,,,,,,,,,,,
Kadabra,#064,,,,,,,,,,,,,,,,,
Alakazam,#065,,,,,,,,,,,,,,,,,
Machop,#066,#NAME?,-,,,,,,,,,,,,,,,
Machoke,#067,#NAME?,-,,,,,,,,,,,,,,,
Machamp,#068,#NAME?,-,,,,,,,,,,,,,,,
Bellsprout,#069,#NAME?,-,,,,,,,,,,,,,,,
Weepinbell,#070,,,,,,,,,,,,,,,,,
Victreebel,#071,#NAME?,3,,,,,,,,,,,,,,,
Tentacool,#072,,,,,,,,,,,,,,,,,
Tentacruel,#073,#NAME?,,,,,,,,,,,,,,,,
Geodude,#074,,,,,,,,,,,,,,,,,
Graveler,#075,,,,,,,,,,,,,,,,,
Golem,#076,,,,,,,,,,,,,,,,,
Ponyta,#077,#NAME?,,,,,,,,,,,,,,,,
Rapidash,#078,#NAME?,,,,,,,,,,,,,,,,
Slowpoke,#079,#NAME?,42,,,,,,,,,,,,,,,
Slowbro (Galarian),#080,#NAME?,13,,,,,,,,,,,,,,,
Magnemite,#081,,,,,,,,,,,,,,,,,
Magneton,#082,,,,,,,,,,,,,,,,,
Farfetch'd,#083,,,,,,,,,,,,,,,,,
Doduo,#084,,,,,,,,,,,,,,,,,
Dodrio,#085,,,,,,,,,,,,,,,,,
Seel,#086,,,,,,,,,,,,,,,,,
Dewgong,#087,,,,,,,,,,,,,,,,,
Grimer,#088,,,,,,,,,,,,,,,,,
Muk,#089,,,,,,,,,,,,,,,,,
Shellder,#090,,,,,,,,,,,,,,,,,
Cloyster,#091,,,,,,,,,,,,,,,,,
Gastly,#092,#NAME?,-,,,,,,,,,,,,,,,
Haunter,#093,#NAME?,-,,,,,,,,,,,,,,,
Gengar,#094,#NAME?,-,,,,,,,,,,,,,,,
Onix,#095,#NAME?,-,,,,,,,,,,,,,,,
Drowzee,#096,,,,,,,,,,,,,,,,,
Hypno,#097,,,,,,,,,,,,,,,,,
Krabby,#098,,,,,,,,,,,,,,,,,
Kingler,#099,,,,,,,,,,,,,,,,,
Voltorb,#100,#NAME?,27,,,,,,,,,,,,,,,
Electrode,#101,,,,,,,,,,,,,,,,,
Exeggcute,#102,#NAME?,-,,,,,,,,,,,,,,,
Exeggutor,#103,,,,,,,,,,,,,,,,,
Cubone,#104,,,,,,,,,,,,,,,,,
Marowak (Alolan),#105,#NAME?,-,,,,,,,,,,,,,,,
Hitmonlee,#106,,,,,,,,,,,,,,,,,
Hitmonchan,#107,,,,,,,,,,,,,,,,,
Lickitung,#108,,,,,,,,,,,,,,,,,
Koffing,#109,#NAME?,-,,,,,,,,,,,,,,,
Weezing,#110,,,,,,,,,,,,,,,,,
Rhyhorn,#111,,,,,,,,,,,,,,,,,
Rhydon,#112,,,,,,,,,,,,,,,,,
Chansey,#113,,,,,,,,,,,,,,,,,
Tangela,#114,#NAME?,-,,,,,,,,,,,,,,,
Kangaskhan,#115,,,,,,,,,,,,,,,,,
Horsea,#116,,,,,,,,,,,,,,,,,
Seadra,#117,,,,,,,,,,,,,,,,,
Goldeen,#118,,,,,,,,,,,,,,,,,
Seaking,#119,,,,,,,,,,,,,,,,,
Staryu,#120,,,,,,,,,,,,,,,,,
Starmie,#121,#NAME?,-,,,,,,,,,,,,,,,
Mr. Mime,#122,,,,,,,,,,,,,,,,,
Scyther,#123,,,,,,,,,,,,,,,,,
Jynx,#124,,,,,,,,,,,,,,,,,
Electabuzz,#125,#NAME?,-,,,,,,,,,,,,,,,
Magmar,#126,#NAME?,-,,,,,,,,,,,,,,,
Pinsir,#127,,,,,,,,,,,,,,,,,
Tauros,#128,#NAME?,5,,,,,,,,,,,,,,,
Magikarp,#129,#NAME?,-,,,,,,,,,,,,,,,
Gyarados,#130,#NAME?,1.00,,,,,,,,,,,,,,,
Lapras,#131,,,,,,,,,,,,,,,,,
Ditto,#132,,,,,,,,,,,,,,,,,
Eevee,#133,#NAME?,-,,,,,,,,,,,,,,,
Vaporeon,#134,,,,,,,,,,,,,,,,,
Jolteon,#135,,,,,,,,,,,,,,,,,
Flareon,#136,,,,,,,,,,,,,,,,,
Porygon,#137,#NAME?,-,,,,,,,,,,,,,,,
Omanyte,#138,,,,,,,,,,,,,,,,,
Omastar,#139,,,,,,,,,,,,,,,,,
Kabuto,#140,,,,,,,,,,,,,,,,,
Kabutops,#141,,,,,,,,,,,,,,,,,
Aerodactyl,#142,,,,,,,,,,,,,,,,,
Snorlax,#143,,,,,,,,,,,,,,,,,
Articuno,#144,#NAME?,5,,,,,,,,,,,,,,,
Zapdos,#145,,,,,,,,,,,,,,,,,
Moltres,#146,,,,,,,,,,,,,,,,,
Dratini,#147,,,,,,,,,,,,,,,,,
Dragonair,#148,,,,,,,,,,,,,,,,,
Dragonite,#149,,,,,,,,,,,,,,,,,
Mewtwo,#150,,,,,,,,,,,,,,,,,
Mew,#151,,,,,,,,,,,,,,,,,
Chikorita,#152,#NAME?,3206,,,,,,,,,,,,,,,
Bayleef,#153,,,,,,,,,,,,,,,,,
Meganium,#154,#NAME?,4186,,,,,,,,,,,,,,,
Cyndaquil,#155,#NAME?,788,,,,,,,,,,,,,,,
Quilava,#156,#NAME?,-,,,,,,,,,,,,,,,
Typhlosion,#157,#NAME?,1367,,,,,,,,,,,,,,,
Totodile,#158,#NAME?,-,,,,,,,,,,,,,,,
Croconaw,#159,,,,,,,,,,,,,,,,,
Feraligatr,#160,#NAME?,,needs nickname,,,,,,,,,,,,,,
Sentret,#161,#NAME?,-,,,,,,,,,,,,,,,
Furret,#162,,,,,,,,,,,,,,,,,
Hoothoot,#163,#NAME?,202,,,,,,,,,,,,,,,
Noctowl,#164,,,,,,,,,,,,,,,,,
Ledyba,#165,,,,,,,,,,,,,,,,,
Ledian,#166,,,,,,,,,,,,,,,,,
Spinarak,#167,,,,,,,,,,,,,,,,,
Ariados,#168,,,,,,,,,,,,,,,,,
Crobat,#169,,,,,,,,,,,,,,,,,
Chinchou,#170,,,,,,,,,,,,,,,,,
Lanturn,#171,,,,,,,,,,,,,,,,,
Pichu,#172,,,,,,,,,,,,,,,,,
Cleffa,#173,,,,,,,,,,,,,,,,,
Igglybuff,#174,,,,,,,,,,,,,,,,,
Togepi,#175,#NAME?,-,,,,,,,,,,,,,,,
Togetic,#176,,,,,,,,,,,,,,,,,
Natu,#177,,,,,,,,,,,,,,,,,
Xatu,#178,,,,,,,,,,,,,,,,,
Mareep,#179,,,,,,,,,,,,,,,,,
Flaaffy,#180,,,,,,,,,,,,,,,,,
Ampharos,#181,#NAME?,-,,,,,,,,,,,,,,,
Bellossom,#182,#NAME?,-,,,,,,,,,,,,,,,
Marill,#183,#NAME?,-,,,,,,,,,,,,,,,
Azumarill,#184,,,,,,,,,,,,,,,,,
Sudowoodo,#185,#NAME?,-,,,,,,,,,,,,,,,
Politoed,#186,,,,,,,,,,,,,,,,,
Hoppip,#187,,,,,,,,,,,,,,,,,
Skiploom,#188,,,,,,,,,,,,,,,,,
Jumpluff,#189,,,,,,,,,,,,,,,,,
Aipom,#190,,,,,,,,,,,,,,,,,
Sunkern,#191,,,,,,,,,,,,,,,,,
Sunflora,#192,#NAME?,-,,,,,,,,,,,,,,,
Yanma,#193,#NAME?,-,,,,,,,,,,,,,,,
Wooper,#194,#NAME?,-,,,,,,,,,,,,,,,
Quagsire,#195,,,,,,,,,,,,,,,,,
Espeon,#196,,,,,,,,,,,,,,,,,
Umbreon,#197,,,,,,,,,,,,,,,,,
Murkrow,#198,,,,,,,,,,,,,,,,,
Slowking,#199,,,,,,,,,,,,,,,,,
Misdreavus,#200,,,,,,,,,,,,,,,,,
Unown,#201,#NAME?,-,,,,,,,,,,,,,,,
Wobbuffet,#202,#NAME?,11,,,,,,,,,,,,,,,
Girafarig,#203,,,,,,,,,,,,,,,,,
Pineco,#204,,,,,,,,,,,,,,,,,
Forretress,#205,,,,,,,,,,,,,,,,,
Dunsparce,#206,,,,,,,,,,,,,,,,,
Gligar,#207,#NAME?,-,,,,,,,,,,,,,,,
Steelix,#208,,,,,,,,,,,,,,,,,
Snubbull,#209,,,,,,,,,,,,,,,,,
Granbull,#210,,,,,,,,,,,,,,,,,
Qwilfish,#211,#NAME?,-,,,,,,,,,,,,,,,
Scizor,#212,,,,,,,,,,,,,,,,,
Shuckle,#213,,,,,,,,,,,,,,,,,
Heracross,#214,,,,,,,,,,,,,,,,,
Sneasel,#215,#NAME?,-,,,,,,,,,,,,,,,
Sneasel (Hisuin),#215,#NAME?,,,,,,,,,,,,,,,,
Teddiursa,#216,#NAME?,446,,,,,,,,,,,,,,,
Ursaring,#217,,,,,,,,,,,,,,,,,
Slugma,#218,,,,,,,,,,,,,,,,,
Magcargo,#219,,,,,,,,,,,,,,,,,
Swinub,#220,#NAME?,,,,,,,,,,,,,,,,
Piloswine,#221,,,,,,,,,,,,,,,,,
Corsola,#222,,,,,,,,,,,,,,,,,
Remoraid,#223,,,,,,,,,,,,,,,,,
Octillery,#224,,,,,,,,,,,,,,,,,
Delibird,#225,,,,,,,,,,,,,,,,,
Mantine,#226,,,,,,,,,,,,,,,,,
Skarmory,#227,#NAME?,-,,,,,,,,,,,,,,,
Houndour,#228,#NAME?,-,,,,,,,,,,,,,,,
Houndoom,#229,,,,,,,,,,,,,,,,,
Kingdra,#230,,,,,,,,,,,,,,,,,
Phanpy,#231,,,,,,,,,,,,,,,,,
Donphan,#232,,,,,,,,,,,,,,,,,
Porygon2,#233,#NAME?,-,,,,,,,,,,,,,,,
Stantler,#234,,,,,,,,,,,,,,,,,
Smeargle,#235,#NAME?,22,,,,,,,,,,,,,,,
Tyrogue,#236,,,,,,,,,,,,,,,,,
Hitmontop,#237,,,,,,,,,,,,,,,,,
Smoochum,#238,,,,,,,,,,,,,,,,,
Elekid,#239,,,,,,,,,,,,,,,,,
Magby,#240,,,,,,,,,,,,,,,,,
Miltank,#241,,,,,,,,,,,,,,,,,
Blissey,#242,,,,,,,,,,,,,,,,,
Raikou,#243,#NAME?,1032,,,,,,,,,,,,,,,
Entei,#244,,,,,,,,,,,,,,,,,
Suicune,#245,#NAME?,-,,,,,,,,,,,,,,,
Larvitar,#246,#NAME?,-,,,,,,,,,,,,,,,
Pupitar,#247,,,,,,,,,,,,,,,,,
Tyranitar,#248,,,,,,,,,,,,,,,,,
Lugia,#249,#NAME?,121,,,,,,,,,,,,,,,
Ho-Oh,#250,#NAME?,-,,,,,,,,,,,,,,,
Celebi,#251,#NAME?,-,,,,,,,,,,,,,,,
Treecko,#252,,,,,,,,,,,,,,,,,
Grovyle,#253,#NAME?,-,,,,,,,,,,,,,,,
Sceptile,#254,,,,,,,,,,,,,,,,,
Torchic,#255,,,,,,,,,,,,,,,,,
Combusken,#256,,,,,,,,,,,,,,,,,
Blaziken,#257,#NAME?,-,,,,,,,,,,,,,,,
Mudkip,#258,,,,,,,,,,,,,,,,,
Marshtomp,#259,,,,,,,,,,,,,,,,,
Swampert,#260,,,,,,,,,,,,,,,,,
Poochyena,#261,,,,,,,,,,,,,,,,,
Mightyena,#262,,,,,,,,,,,,,,,,,
Zigzagoon,#263,#NAME?,-,,,,,,,,,,,,,,,
Linoone,#264,,,,,,,,,,,,,,,,,
Wurmple,#265,,,,,,,,,,,,,,,,,
Silcoon,#266,,,,,,,,,,,,,,,,,
Beautifly,#267,,,,,,,,,,,,,,,,,
Cascoon,#268,#NAME?,,,,,,,,,,,,,,,,
Dustox,#269,,,,,,,,,,,,,,,,,
Lotad,#270,,,,,,,,,,,,,,,,,
Lombre,#271,,,,,,,,,,,,,,,,,
Ludicolo,#272,,,,,,,,,,,,,,,,,
Seedot,#273,#NAME?,-,,,,,,,,,,,,,,,
Nuzleaf,#274,#NAME?,-,,,,,,,,,,,,,,,
Shiftry,#275,#NAME?,-,,,,,,,,,,,,,,,
Taillow,#276,,,,,,,,,,,,,,,,,
Swellow,#277,,,,,,,,,,,,,,,,,
Wingull,#278,,,,,,,,,,,,,,,,,
Pelipper,#279,#NAME?,-,,,,,,,,,,,,,,,
Ralts,#280,,,,,,,,,,,,,,,,,
Kirlia,#281,,,,,,,,,,,,,,,,,
Gardevoir,#282,,,,,,,,,,,,,,,,,
Surskit,#283,,,,,,,,,,,,,,,,,
Masquerain,#284,,,,,,,,,,,,,,,,,
Shroomish,#285,,,,,,,,,,,,,,,,,
Breloom,#286,,,,,,,,,,,,,,,,,
Slakoth,#287,,,,,,,,,,,,,,,,,
Vigoroth,#288,,,,,,,,,,,,,,,,,
Slaking,#289,,,,,,,,,,,,,,,,,
Nincada,#290,,,,,,,,,,,,,,,,,
Ninjask,#291,,,,,,,,,,,,,,,,,
Shedinja,#292,,,,,,,,,,,,,,,,,
Whismur,#293,,,,,,,,,,,,,,,,,
Loudred,#294,#NAME?,180,,,,,,,,,,,,,,,
Exploud,#295,,,,,,,,,,,,,,,,,
Makuhita,#296,,,,,,,,,,,,,,,,,
Hariyama,#297,,,,,,,,,,,,,,,,,
Azurill,#298,,,,,,,,,,,,,,,,,
Nosepass,#299,,,,,,,,,,,,,,,,,
Skitty,#300,,,,,,,,,,,,,,,,,
Delcatty,#301,,,,,,,,,,,,,,,,,
Sableye,#302,,,,,,,,,,,,,,,,,
Mawile,#303,,,,,,,,,,,,,,,,,
Aron,#304,,,,,,,,,,,,,,,,,
Lairon,#305,,,,,,,,,,,,,,,,,
Aggron,#306,,,,,,,,,,,,,,,,,
Meditite,#307,#NAME?,-,,,,,,,,,,,,,,,
Medicham,#308,,,,,,,,,,,,,,,,,
Electrike,#309,,,,,,,,,,,,,,,,,
Manectric,#310,,,,,,,,,,,,,,,,,
Plusle,#311,,,,,,,,,,,,,,,,,
Minun,#312,,,,,,,,,,,,,,,,,
Volbeat,#313,,,,,,,,,,,,,,,,,
Illumise,#314,,,,,,,,,,,,,,,,,
Roselia,#315,#NAME?,-,,,,,,,,,,,,,,,
Gulpin,#316,#NAME?,"1,300.00",,,,,,,,,,,,,,,
Swalot,#317,,,,,,,,,,,,,,,,,
Carvanha,#318,,,,,,,,,,,,,,,,,
Sharpedo,#319,#NAME?,-,,,,,,,,,,,,,,,
Wailmer,#320,,,,,,,,,,,,,,,,,
Wailord,#321,,,,,,,,,,,,,,,,,
Numel,#322,,,,,,,,,,,,,,,,,
Camerupt,#323,,,,,,,,,,,,,,,,,
Torkoal,#324,,,,,,,,,,,,,,,,,
Spoink,#325,,,,,,,,,,,,,,,,,
Grumpig,#326,,,,,,,,,,,,,,,,,
Spinda,#327,#NAME?,825,,,,,,,,,,,,,,,
Trapinch,#328,,,,,,,,,,,,,,,,,
Vibrava,#329,,,,,,,,,,,,,,,,,
Flygon,#330,#NAME?,-,,,,,,,,,,,,,,,
Cacnea,#331,,,,,,,,,,,,,,,,,
Cacturne,#332,,,,,,,,,,,,,,,,,
Swablu,#333,,,,,,,,,,,,,,,,,
Altaria,#334,#NAME?,-,,,,,,,,,,,,,,,
Zangoose,#335,,,,,,,,,,,,,,,,,
Seviper,#336,,,,,,,,,,,,,,,,,
Lunatone,#337,,,,,,,,,,,,,,,,,
Solrock,#338,,,,,,,,,,,,,,,,,
Barboach,#339,,,,,,,,,,,,,,,,,
Whiscash,#340,#NAME?,-,,,,,,,,,,,,,,,
Corphish,#341,,,,,,,,,,,,,,,,,
Crawdaunt,#342,,,,,,,,,,,,,,,,,
Baltoy,#343,,,,,,,,,,,,,,,,,
Claydol,#344,,,,,,,,,,,,,,,,,
Lileep,#345,,,,,,,,,,,,,,,,,
Cradily,#346,,,,,,,,,,,,,,,,,
Anorith,#347,,,,,,,,,,,,,,,,,
Armaldo,#348,,,,,,,,,,,,,,,,,
Feebas,#349,,,,,,,,,,,,,,,,,
Milotic,#350,#NAME?,-,,,,,,,,,,,,,,,
Castform,#351,,,,,,,,,,,,,,,,,
Kecleon,#352,,,,,,,,,,,,,,,,,
Shuppet,#353,,,,,,,,,,,,,,,,,
Banette,#354,,,,,,,,,,,,,,,,,
Duskull,#355,#NAME?,-,,,,,,,,,,,,,,,
Dusclops,#356,#NAME?,-,,,,,,,,,,,,,,,
Tropius,#357,,,,,,,,,,,,,,,,,
Chimecho,#358,,,,,,,,,,,,,,,,,
Absol,#359,,,,,,,,,,,,,,,,,
Wynaut,#360,,,,,,,,,,,,,,,,,
Snorunt,#361,,,,,,,,,,,,,,,,,
Glalie,#362,,,,,,,,,,,,,,,,,
Spheal,#363,#NAME?,71,,,,,,,,,,,,,,,
Sealeo,#364,,,,,,,,,,,,,,,,,
Walrein,#365,,,,,,,,,,,,,,,,,
Clamperl,#366,#NAME?,-,no nickname,,,,,,,,,,,,,,
Huntail,#367,,,,,,,,,,,,,,,,,
Gorebyss,#368,,,,,,,,,,,,,,,,,
Relicanth,#369,,,,,,,,,,,,,,,,,
Luvdisc,#370,#NAME?,-,,,,,,,,,,,,,,,
Bagon,#371,,,,,,,,,,,,,,,,,
Shelgon,#372,,,,,,,,,,,,,,,,,
Salamence,#373,,,,,,,,,,,,,,,,,
Beldum,#374,,,,,,,,,,,,,,,,,
Metang,#375,,,,,,,,,,,,,,,,,
Metagross,#376,#NAME?,-,,,,,,,,,,,,,,,
Regirock,#377,,,,,,,,,,,,,,,,,
Regice,#378,,,,,,,,,,,,,,,,,
Registeel,#379,,,,,,,,,,,,,,,,,
Latias,#380,,,,,,,,,,,,,,,,,
Latios,#381,,,,,,,,,,,,,,,,,
Kyogre,#382,,,,,,,,,,,,,,,,,
Groudon,#383,,,,,,,,,,,,,,,,,
Rayquaza,#384,#NAME?,-,,,,,,,,,,,,,,,
Jirachi,#385,,,,,,,,,,,,,,,,,
Deoxys,#386,,,,,,,,,,,,,,,,,
Turtwig,#387,#NAME?,-,,,,,,,,,,,,,,,
Grotle,#388,,,,,,,,,,,,,,,,,
Torterra,#389,,,,,,,,,,,,,,,,,
Chimchar,#390,#NAME?,-,,,,,,,,,,,,,,,
Monferno,#391,,,,,,,,,,,,,,,,,
Infernape,#392,,,,,,,,,,,,,,,,,
Piplup,#393,#NAME?,-,,,,,,,,,,,,,,,
Prinplup,#394,,,,,,,,,,,,,,,,,
Empoleon,#395,,,,,,,,,,,,,,,,,
Starly,#396,,,,,,,,,,,,,,,,,
Staravia,#397,,,,,,,,,,,,,,,,,
Staraptor,#398,#NAME?,17,,,,,,,,,,,,,,,
Bidoof,#399,,,,,,,,,,,,,,,,,
Bibarel,#400,#NAME?,1,,,,,,,,,,,,,,,
Kricketot,#401,,,,,,,,,,,,,,,,,
Kricketune,#402,,,,,,,,,,,,,,,,,
Shinx,#403,#NAME?,,,,,,,,,,,,,,,,
Luxio,#404,#NAME?,,,,,,,,,,,,,,,,
Luxray,#405,#NAME?,,,,,,,,,,,,,,,,
Budew,#406,#NAME?,,,,,,,,,,,,,,,,
Roserade,#407,#NAME?,-,,,,,,,,,,,,,,,
Cranidos,#408,,,,,,,,,,,,,,,,,
Rampardos,#409,,,,,,,,,,,,,,,,,
Shieldon,#410,,,,,,,,,,,,,,,,,
Bastiodon,#411,,,,,,,,,,,,,,,,,
Burmy,#412,,,,,,,,,,,,,,,,,
Wormadam,#413,,,,,,,,,,,,,,,,,
Mothim,#414,,,,,,,,,,,,,,,,,
Combee,#415,,,,,,,,,,,,,,,,,
Vespiquen,#416,,,,,,,,,,,,,,,,,
Pachirisu,#417,,,,,,,,,,,,,,,,,
Buizel,#418,,,,,,,,,,,,,,,,,
Floatzel,#419,,,,,,,,,,,,,,,,,
Cherubi,#420,,,,,,,,,,,,,,,,,
Cherrim,#421,,,,,,,,,,,,,,,,,
Shellos,#422,,,,,,,,,,,,,,,,,
Gastrodon,#423,,,,,,,,,,,,,,,,,
Ambipom,#424,,,,,,,,,,,,,,,,,
Drifloon,#425,#NAME?,,,,,,,,,,,,,,,,
Drifblim,#426,,,,,,,,,,,,,,,,,
Buneary,#427,#NAME?,-,,,,,,,,,,,,,,,
Lopunny,#428,#NAME?,-,,,,,,,,,,,,,,,
Mismagius,#429,,,,,,,,,,,,,,,,,
Honchkrow,#430,,,,,,,,,,,,,,,,,
Glameow,#431,,,,,,,,,,,,,,,,,
Purugly,#432,,,,,,,,,,,,,,,,,
Chingling,#433,,,,,,,,,,,,,,,,,
Stunky,#434,,,,,,,,,,,,,,,,,
Skuntank,#435,,,https://cdn2.bulbagarden.net/upload/f/f2/Bag_Beast_Ball_Sprite.png,,,,,,,,,,,,,,
Bronzor,#436,#NAME?,-,,,,,,,,,,,,,,,
Bronzong,#437,,,,,,,,,,,,,,,,,
Bonsly,#438,,,,,,,,,,,,,,,,,
Mime Jr.,#439,,,,,,,,,,,,,,,,,
Happiny,#440,,,,,,,,,,,,,,,,,
Chatot,#441,,,,,,,,,,,,,,,,,
Spiritomb,#442,,,,,,,,,,,,,,,,,
Gible,#443,#NAME?,-,,,,,,,,,,,,,,,
Gabite,#444,#NAME?,,,,,,,,,,,,,,,,
Garchomp,#445,#NAME?,,,,,,,,,,,,,,,,
Munchlax,#446,,,,,,,,,,,,,,,,,
Riolu,#447,,,,,,,,,,,,,,,,,
Lucario,#448,#NAME?,73,,,,,,,,,,,,,,,
Hippopotas,#449,,,,,,,,,,,,,,,,,
Hippowdon,#450,,,,,,,,,,,,,,,,,
Skorupi,#451,,,,,,,,,,,,,,,,,
Drapion,#452,#NAME?,-,,,,,,,,,,,,,,,
Croagunk,#453,,,,,,,,,,,,,,,,,
Toxicroak,#454,,,,,,,,,,,,,,,,,
Carnivine,#455,#NAME?,,,,,,,,,,,,,,,,
Finneon,#456,,,,,,,,,,,,,,,,,
Lumineon,#457,,,,,,,,,,,,,,,,,
Mantyke,#458,,,,,,,,,,,,,,,,,
Snover,#459,,,,,,,,,,,,,,,,,
Abomasnow,#460,,,,,,,,,,,,,,,,,
Weavile,#461,,,,,,,,,,,,,,,,,
Magnezone,#462,,,,,,,,,,,,,,,,,
Lickilicky,#463,,,,,,,,,,,,,,,,,
Rhyperior,#464,#NAME?,-,,,,,,,,,,,,,,,
Tangrowth,#465,,,,,,,,,,,,,,,,,
Electivire,#466,#NAME?,-,,,,,,,,,,,,,,,
Magmortar,#467,#NAME?,-,,,,,,,,,,,,,,,
Togekiss,#468,,,,,,,,,,,,,,,,,
Yanmega,#469,,,,,,,,,,,,,,,,,
Leafeon,#470,,,,,,,,,,,,,,,,,
Glaceon,#471,,,,,,,,,,,,,,,,,
Gliscor,#472,,,,,,,,,,,,,,,,,
Mamoswine,#473,,,,,,,,,,,,,,,,,
Porygon-Z,#474,#NAME?,-,,,,,,,,,,,,,,,
Gallade,#475,,,,,,,,,,,,,,,,,
Probopass,#476,,,,,,,,,,,,,,,,,
Dusknoir,#477,#NAME?,-,,,,,,,,,,,,,,,
Froslass,#478,,,,,,,,,,,,,,,,,
Rotom,#479,,,,,,,,,,,,,,,,,
Uxie,#480,,,,,,,,,,,,,,,,,
Mesprit,#481,,,,,,,,,,,,,,,,,
Azelf,#482,,,,,,,,,,,,,,,,,
Dialga,#483,#NAME?,-,,,,,,,,,,,,,,,
Palkia,#484,#NAME?,-,,,,,,,,,,,,,,,
Heatran,#485,,,,,,,,,,,,,,,,,
Regigigas,#486,,,,,,,,,,,,,,,,,
Giratina,#487,#NAME?,-,,,,,,,,,,,,,,,
Cresselia,#488,,,,,,,,,,,,,,,,,
Phione,#489,,,,,,,,,,,,,,,,,
Manaphy,#490,,,,,,,,,,,,,,,,,
Darkrai,#491,,,,,,,,,,,,,,,,,
Shaymin,#492,,,,,,,,,,,,,,,,,
Arceus,#493,,,,,,,,,,,,,,,,,
Victini,#494,,,,,,,,,,,,,,,,,
Snivy,#495,#NAME?,-,,,,,,,,,,,,,,,
Servine,#496,#NAME?,-,,,,,,,,,,,,,,,
Serperior,#497,#NAME?,-,,,,,,,,,,,,,,,
Tepig,#498,,,,,,,,,,,,,,,,,
Pignite,#499,,,,,,,,,,,,,,,,,
Emboar,#500,,,,,,,,,,,,,,,,,
Oshawott,#501,,,,,,,,,,,,,,,,,
Dewott,#502,,,,,,,,,,,,,,,,,
Samurott,#503,,,,,,,,,,,,,,,,,
Patrat,#504,,,,,,,,,,,,,,,,,
Watchog,#505,,,,,,,,,,,,,,,,,
Lillipup,#506,,,,,,,,,,,,,,,,,
Herdier,#507,,,,,,,,,,,,,,,,,
Stoutland,#508,,,,,,,,,,,,,,,,,
Purrloin,#509,,,,,,,,,,,,,,,,,
Liepard,#510,,,,,,,,,,,,,,,,,
Pansage,#511,,,,,,,,,,,,,,,,,
Simisage,#512,,,,,,,,,,,,,,,,,
Pansear,#513,,,,,,,,,,,,,,,,,
Simisear,#514,,,,,,,,,,,,,,,,,
Panpour,#515,,,,,,,,,,,,,,,,,
Simipour,#516,,,,,,,,,,,,,,,,,
Munna,#517,,,,,,,,,,,,,,,,,
Musharna,#518,,,,,,,,,,,,,,,,,
Pidove,#519,,,,,,,,,,,,,,,,,
Tranquill,#520,,,,,,,,,,,,,,,,,
Unfezant,#521,,,,,,,,,,,,,,,,,
Blitzle,#522,,,,,,,,,,,,,,,,,
Zebstrika,#523,,,,,,,,,,,,,,,,,
Roggenrola,#524,,,,,,,,,,,,,,,,,
Boldore,#525,,,,,,,,,,,,,,,,,
Gigalith,#526,#NAME?,-,,,,,,,,,,,,,,,
Woobat,#527,,,,,,,,,,,,,,,,,
Swoobat,#528,,,,,,,,,,,,,,,,,
Drilbur,#529,,,,,,,,,,,,,,,,,
Excadrill,#530,#NAME?,1516,,,,,,,,,,,,,,,
Audino,#531,,,,,,,,,,,,,,,,,
Timburr,#532,,,,,,,,,,,,,,,,,
Gurdurr,#533,,,,,,,,,,,,,,,,,
Conkeldurr,#534,#NAME?,-,,,,,,,,,,,,,,,
Tympole,#535,,,,,,,,,,,,,,,,,
Palpitoad,#536,,,,,,,,,,,,,,,,,
Siesmitoad,#537,,,,,,,,,,,,,,,,,
Throh,#538,,,,,,,,,,,,,,,,,
Sawk,#539,,,,,,,,,,,,,,,,,
Sewaddle,#540,,,,,,,,,,,,,,,,,
Swadloon,#541,,,,,,,,,,,,,,,,,
Leavanny,#542,,,,,,,,,,,,,,,,,
Venipede,#543,,,,,,,,,,,,,,,,,
Whirlipede,#544,,,,,,,,,,,,,,,,,
Scolipede,#545,#NAME?,-,,,,,,,,,,,,,,,
Cottonee,#546,,,,,,,,,,,,,,,,,
Whimsicott,#547,,,,,,,,,,,,,,,,,
Petilil,#548,,,,,,,,,,,,,,,,,
Lilligant,#549,,,,,,,,,,,,,,,,,
Basculin,#550,#NAME?,-,,,,,,,,,,,,,,,
Sandile,#551,,,,,,,,,,,,,,,,,
Krokorok,#552,,,,,,,,,,,,,,,,,
Krookodile,#553,,,,,,,,,,,,,,,,,
Darumaka,#554,,,,,,,,,,,,,,,,,
Darmanitan,#555,,,,,,,,,,,,,,,,,
Maractus,#556,,,,,,,,,,,,,,,,,
Dwebble,#557,,,,,,,,,,,,,,,,,
Crustle,#558,#NAME?,-,,,,,,,,,,,,,,,
Scraggy,#559,,,,,,,,,,,,,,,,,
Scafty,#560,,,,,,,,,,,,,,,,,
Sigilyph,#561,#NAME?,-,,,,,,,,,,,,,,,
Yamask,#562,,,,,,,,,,,,,,,,,
Cofagrigus,#563,,,,,,,,,,,,,,,,,
Tirtouga,#564,,,,,,,,,,,,,,,,,
Carracosta,#565,,,,,,,,,,,,,,,,,
Archen,#566,,,,,,,,,,,,,,,,,
Archeops,#567,,,,,,,,,,,,,,,,,
Trubbish,#568,,,,,,,,,,,,,,,,,
Garbodor,#569,,,,,,,,,,,,,,,,,
Zorua,#570,,,,,,,,,,,,,,,,,
Zoroark,#571,,,,,,,,,,,,,,,,,
Minccino,#572,,,,,,,,,,,,,,,,,
Cincinno,#573,,,,,,,,,,,,,,,,,
Gothita,#574,,,,,,,,,,,,,,,,,
Gothorita,#575,,,,,,,,,,,,,,,,,
Gothitelle,#576,,,,,,,,,,,,,,,,,
Solosis,#577,,,,,,,,,,,,,,,,,
Duosion,#578,,,,,,,,,,,,,,,,,
Reuniclus,#579,,,,,,,,,,,,,,,,,
Ducklett,#580,,,,,,,,,,,,,,,,,
Swanna,#581,#NAME?,266,,,,,,,,,,,,,,,
Vanillite,#582,,,,,,,,,,,,,,,,,
Vanillish,#583,,,,,,,,,,,,,,,,,
Vanilluxe,#584,,,,,,,,,,,,,,,,,
Deerling,#585,,,,,,,,,,,,,,,,,
Sawsbuck,#586,,,,,,,,,,,,,,,,,
Emolga,#587,,,,,,,,,,,,,,,,,
Karrablast,#588,,,,,,,,,,,,,,,,,
Excavalier,#589,,,,,,,,,,,,,,,,,
Foongus,#590,,,,,,,,,,,,,,,,,
Amoongus,#591,#NAME?,-,,,,,,,,,,,,,,,
Frillish,#592,,,,,,,,,,,,,,,,,
Jellicent,#593,,,,,,,,,,,,,,,,,
Alomomola,#594,,,,,,,,,,,,,,,,,
Joltik,#595,,,,,,,,,,,,,,,,,
Galvantula,#596,,,,,,,,,,,,,,,,,
Ferroseed,#597,,,,,,,,,,,,,,,,,
Ferrothorn,#598,,,,,,,,,,,,,,,,,
Klink,#599,,,,,,,,,,,,,,,,,
Klang,#600,,,,,,,,,,,,,,,,,
Klinklang,#601,,,,,,,,,,,,,,,,,
Tynamo,#602,,,,,,,,,,,,,,,,,
Eelektrik,#603,,,,,,,,,,,,,,,,,
Eelektross,#604,,,,,,,,,,,,,,,,,
Elgyem,#605,,,,,,,,,,,,,,,,,
Beheeyem,#606,,,,,,,,,,,,,,,,,
Litwick,#607,,,,,,,,,,,,,,,,,
Lampent,#608,,,,,,,,,,,,,,,,,
Chandelure,#609,#NAME?,902,,,,,,,,,,,,,,,
Axew,#610,,,,,,,,,,,,,,,,,
Fraxure,#611,,,,,,,,,,,,,,,,,
Haxorus,#612,,,,,,,,,,,,,,,,,
Cubchoo,#613,,,,,,,,,,,,,,,,,
Beartic,#614,,,,,,,,,,,,,,,,,
Cryogonal,#615,,,,,,,,,,,,,,,,,
Shelmet,#616,,,,,,,,,,,,,,,,,
Accelgor,#617,,,,,,,,,,,,,,,,,
Stunfisk,#618,#NAME?,-,,,,,,,,,,,,,,,
Mienfoo,#619,,,,,,,,,,,,,,,,,
Mienshao,#620,,,,,,,,,,,,,,,,,
Druddigon,#621,#NAME?,-,,,,,,,,,,,,,,,
Golett,#622,,,,,,,,,,,,,,,,,
Golurk,#623,#NAME?,-,,,,,,,,,,,,,,,
Pawniard,#624,,,,,,,,,,,,,,,,,
Bisharp,#625,,,,,,,,,,,,,,,,,
Bouffalant,#626,,,,,,,,,,,,,,,,,
Rufflet,#627,,,,,,,,,,,,,,,,,
Braviary,#628,,,,,,,,,,,,,,,,,
Vullaby,#629,,,,,,,,,,,,,,,,,
Mandibuzz,#630,,,,,,,,,,,,,,,,,
Heatmor,#631,#NAME?,-,,,,,,,,,,,,,,,
Durant,#632,,,,,,,,,,,,,,,,,
Deino,#633,,,,,,,,,,,,,,,,,
Zweilous,#634,,,,,,,,,,,,,,,,,
Hydreigon,#635,,,,,,,,,,,,,,,,,
Larvesta,#636,,,,,,,,,,,,,,,,,
Volcarona,#637,,,,,,,,,,,,,,,,,
Cobalion,#638,,,,,,,,,,,,,,,,,
Terrakion,#639,,,,,,,,,,,,,,,,,
Virizion ,#640,,,,,,,,,,,,,,,,,
Tornadus,#641,,,,,,,,,,,,,,,,,
Thundurus,#642,,,,,,,,,,,,,,,,,
Reshiram,#643,,,,,,,,,,,,,,,,,
Zekrom,#644,,,,,,,,,,,,,,,,,
Landorus,#645,,,,,,,,,,,,,,,,,
Kyurem,#646,,,,,,,,,,,,,,,,,
Keldeo,#647,,,,,,,,,,,,,,,,,
Meloette,#648,,,,,,,,,,,,,,,,,
Genesect,#649,,,,,,,,,,,,,,,,,
Chespin,#650,,,,,,,,,,,,,,,,,
Quilladin,#651,,,,,,,,,,,,,,,,,
Chesnaught,#652,,,,,,,,,,,,,,,,,
Fennekin,#653,,,,,,,,,,,,,,,,,
Braixen,#654,,,,,,,,,,,,,,,,,
Delphox,#655,,,,,,,,,,,,,,,,,
Froakie,#656,,,,,,,,,,,,,,,,,
Frogadier,#657,,,,,,,,,,,,,,,,,
Greninja,#658,,,,,,,,,,,,,,,,,
Bunnelby,#659,,,,,,,,,,,,,,,,,
Diggersby,#660,,,,,,,,,,,,,,,,,
Fletchling,#661,#NAME?,-,,,,,,,,,,,,,,,
Fletchinder,#662,#NAME?,-,,,,,,,,,,,,,,,
Talonflame,#663,#NAME?,-,,,,,,,,,,,,,,,
Scatterbug,#664,,,,,,,,,,,,,,,,,
Spewpa,#665,,,,,,,,,,,,,,,,,
Vivillon,#666,,,,,,,,,,,,,,,,,
Litleo,#667,,,,,,,,,,,,,,,,,
Pyroar,#668,,,,,,,,,,,,,,,,,
Flabebe,#669,,,,,,,,,,,,,,,,,
Floette,#670,,,,,,,,,,,,,,,,,
Florges,#671,,,,,,,,,,,,,,,,,
Skiddo,#672,,,,,,,,,,,,,,,,,
Gogoat,#673,#NAME?,284,,,,,,,,,,,,,,,
Pancham,#674,,,,,,,,,,,,,,,,,
Pangoro,#675,,,,,,,,,,,,,,,,,
Furfrou,#676,,,,,,,,,,,,,,,,,
Espurr,#677,,,,,,,,,,,,,,,,,
Meowstic,#678,,,,,,,,,,,,,,,,,
Honedge,#679,,,,,,,,,,,,,,,,,
Doublade,#680,,,,,,,,,,,,,,,,,
Aegislash,#681,,,,,,,,,,,,,,,,,
Spritzee,#682,,,,,,,,,,,,,,,,,
Aromatisse,#683,,,,,,,,,,,,,,,,,
Swirlix,#684,,,,,,,,,,,,,,,,,
Slurpuff,#685,,,,,,,,,,,,,,,,,
Inkay,#686,,,,,,,,,,,,,,,,,
Malamar,#687,,,,,,,,,,,,,,,,,
Binacle,#688,,,,,,,,,,,,,,,,,
Barbaracle,#689,,,,,,,,,,,,,,,,,
Skrelp,#690,#NAME?,-,Mystery,,,,,,,,,,,,,,
Dragalge,#691,,,,,,,,,,,,,,,,,
Clauncher,#692,,,,,,,,,,,,,,,,,
Clawitzer,#693,,,,,,,,,,,,,,,,,
Helioptile,#694,,,,,,,,,,,,,,,,,
Heliolisk,#695,#NAME?,-,,,,,,,,,,,,,,,
Tyrunt,#696,,,,,,,,,,,,,,,,,
Tyrantrum,#697,,,,,,,,,,,,,,,,,
Amaura,#698,,,,,,,,,,,,,,,,,
Aurorus,#699,,,,,,,,,,,,,,,,,
Sylveon,#700,,,,,,,,,,,,,,,,,
Hawlucha,#701,#NAME?,-,,,,,,,,,,,,,,,
Dedenne,#702,#NAME?,7,,,,,,,,,,,,,,,
Carbink,#703,,,,,,,,,,,,,,,,,
Goomy,#704,,,,,,,,,,,,,,,,,
Sliggoo,#705,,,,,,,,,,,,,,,,,
Goodra,#706,,,,,,,,,,,,,,,,,
Klefki,#707,,,,,,,,,,,,,,,,,
Phantump,#708,#NAME?,620,,,,,,,,,,,,,,,
Trevenant,#709,,,,,,,,,,,,,,,,,
Pumpkaboo,#710,,,,,,,,,,,,,,,,,
Gourgeist,#711,,,,,,,,,,,,,,,,,
Bergmite,#712,,,,,,,,,,,,,,,,,
Avalugg,#713,#NAME?,123,,,,,,,,,,,,,,,
Noibat,#714,#NAME?,1014,,,,,,,,,,,,,,,
Noivern,#715,,,,,,,,,,,,,,,,,
Xerneas,#716,,,,,,,,,,,,,,,,,
Yveltal,#717,#NAME?,-,,,,,,,,,,,,,,,
Zygarde,#718,,,,,,,,,,,,,,,,,
Diancie,#719,,,,,,,,,,,,,,,,,
Hoopa,#720,,,,,,,,,,,,,,,,,
Volcanion,#721,,,,,,,,,,,,,,,,,
Rowlet,#722,,,,,,,,,,,,,,,,,
Dartrix,#723,,,,,,,,,,,,,,,,,
Decidueye,#724,,,,,,,,,,,,,,,,,
Litten,#725,,,,,,,,,,,,,,,,,
Torracat,#726,,,,,,,,,,,,,,,,,
Incineroar,#727,,,,,,,,,,,,,,,,,
Popplio,#728,,,,,,,,,,,,,,,,,
Brionne,#729,,,,,,,,,,,,,,,,,
Primarina,#730,,,,,,,,,,,,,,,,,
Pikipek,#731,,,,,,,,,,,,,,,,,
Trumbeak,#732,,,,,,,,,,,,,,,,,
Toucannon,#733,,,,,,,,,,,,,,,,,
Yungoos,#734,,,,,,,,,,,,,,,,,
Gumshoos,#735,,,,,,,,,,,,,,,,,
Grubbin,#736,,,,,,,,,,,,,,,,,
Charjabug,#737,,,,,,,,,,,,,,,,,
Vikavolt,#738,,,,,,,,,,,,,,,,,
Crabrawler,#739,,,,,,,,,,,,,,,,,
Crabominable,#740,,,,,,,,,,,,,,,,,
Oricorio,#741,,,,,,,,,,,,,,,,,
Cutiefly,#742,,,,,,,,,,,,,,,,,
Ribombee,#743,,,,,,,,,,,,,,,,,
Rockruff,#744,,,,,,,,,,,,,,,,,
Lycanroc,#745,,,,,,,,,,,,,,,,,
Wishiwashi,#746,,,,,,,,,,,,,,,,,
Mareanie,#747,,,,,,,,,,,,,,,,,
Toxapex,#748,,,,,,,,,,,,,,,,,
Mudbray,#749,,,,,,,,,,,,,,,,,
Mudsdale,#750,,,,,,,,,,,,,,,,,
Dewpider,#751,,,,,,,,,,,,,,,,,
Araquanid,#752,,,,,,,,,,,,,,,,,
Fomantis,#753,,,,,,,,,,,,,,,,,
Lurantis,#754,,,,,,,,,,,,,,,,,
Morelull,#755,,,,,,,,,,,,,,,,,
Shiinotic,#756,,,,,,,,,,,,,,,,,
Salandit,#757,,,,,,,,,,,,,,,,,
Salazzle,#758,,,,,,,,,,,,,,,,,
Stufful,#759,,,,,,,,,,,,,,,,,
Bewear,#760,,,,,,,,,,,,,,,,,
Bounsweet,#761,,,,,,,,,,,,,,,,,
Steenee,#762,,,,,,,,,,,,,,,,,
Tsareena,#763,,,,,,,,,,,,,,,,,
Comfey,#764,,,,,,,,,,,,,,,,,
Oranguru,#765,,,,,,,,,,,,,,,,,
Passimian,#766,,,,,,,,,,,,,,,,,
Wimpod,#767,,,,,,,,,,,,,,,,,
Golisopod,#768,,,,,,,,,,,,,,,,,
Sandygast,#769,,,,,,,,,,,,,,,,,
Palossand,#770,,,,,,,,,,,,,,,,,
Pyukumuku,#771,,,,,,,,,,,,,,,,,
Type: Null,#772,,,,,,,,,,,,,,,,,
Silvally,#773,,,,,,,,,,,,,,,,,
Minior ,#774,,,,,,,,,,,,,,,,,
Komala,#775,,,,,,,,,,,,,,,,,
Turtonator,#776,,,,,,,,,,,,,,,,,
Togedemaru,#777,,,,,,,,,,,,,,,,,
Mimikyu,#778,,,,,,,,,,,,,,,,,
Bruxish,#779,,,,,,,,,,,,,,,,,
Drampa,#780,,,,,,,,,,,,,,,,,
Dhelmise,#781,,,,,,,,,,,,,,,,,
Jangmo-o,#782,,,,,,,,,,,,,,,,,
Hakamo-o,#783,,,,,,,,,,,,,,,,,
Kommo-o,#784,,,,,,,,,,,,,,,,,
Tapu Koko,#785,,,,,,,,,,,,,,,,,
Tapu Lele,#786,,,,,,,,,,,,,,,,,
Tapu Bulu,#787,,,,,,,,,,,,,,,,,
Tapu Fini,#788,,,,,,,,,,,,,,,,,
Cosmog,#789,,,,,,,,,,,,,,,,,
Cosmoem,#790,,,,,,,,,,,,,,,,,
Solgaleo,#791,,,,,,,,,,,,,,,,,
Lunala,#792,,,,,,,,,,,,,,,,,
Nihilego,#793,,,,,,,,,,,,,,,,,
Buzzwole,#794,,,,,,,,,,,,,,,,,
Pheromosa,#795,,,,,,,,,,,,,,,,,
Xurkitree,#796,,,,,,,,,,,,,,,,,
Celesteela,#797,,,,,,,,,,,,,,,,,
Kartana,#798,,,,,,,,,,,,,,,,,
Guzzlord,#799,,,,,,,,,,,,,,,,,
Necrozma,#800,,,,,,,,,,,,,,,,,
Magearna,#801,,,,,,,,,,,,,,,,,
Marshadow,#802,,,,,,,,,,,,,,,,,
Poipole,#803,,,,,,,,,,,,,,,,,
Naganadel,#804,,,,,,,,,,,,,,,,,
Stakataka,#805,,,,,,,,,,,,,,,,,
Blacephalon,#806,#NAME?,275,,,,,,,,,,,,,,,
Zeraora,#807,#NAME?,-,,,,,,,,,,,,,,,
Meltan,#808,#NAME?,-,,,,,,,,,,,,,,,
Melmetal,#809,#NAME?,-,,,,,,,,,,,,,,,
Grookey ,#810,,,,,,,,,,,,,,,,,
Thwackey,#811,,,,,,,,,,,,,,,,,
Rillaboom,#812,,,,,,,,,,,,,,,,,
Scorbunny,#813,,,,,,,,,,,,,,,,,
Raboot,#814,,,,,,,,,,,,,,,,,
Cinderace,#815,,,,,,,,,,,,,,,,,
Sobble,#816,,,,,,,,,,,,,,,,,
Drizzile,#817,,,,,,,,,,,,,,,,,
Inteleon,#818,,,,,,,,,,,,,,,,,
Skwovet,#819,,,,,,,,,,,,,,,,,
Greedent,#820,,,,,,,,,,,,,,,,,
Rookidee,#821,,,,,,,,,,,,,,,,,
Corvisquire,#822,,,,,,,,,,,,,,,,,
Corviknight,#823,,,,,,,,,,,,,,,,,
Blipbug,#824,,,,,,,,,,,,,,,,,
Dottler,#825,,,,,,,,,,,,,,,,,
Orbeetle,#826,,,,,,,,,,,,,,,,,
Nickit,#827,,,,,,,,,,,,,,,,,
Thievul,#828,,,,,,,,,,,,,,,,,
Gossifleur,#829,,,,,,,,,,,,,,,,,
Eldegoss,#830,,,,,,,,,,,,,,,,,
Wooloo,#831,#NAME?,3,,,,,,,,,,,,,,,
Dubwool,#832,"
",,,,,,,,,,,,,,,,
Chewtle,#833,,,,,,,,,,,,,,,,,
Drednaw,#834,,,,,,,,,,,,,,,,,
Yamper,#835,,,,,,,,,,,,,,,,,
Boltund,#836,,,,,,,,,,,,,,,,,
Rolycoly,#837,,,,,,,,,,,,,,,,,
Carkol,#838,,,,,,,,,,,,,,,,,
Coalossal,#839,,,,,,,,,,,,,,,,,
Applin,#840,,,,,,,,,,,,,,,,,
Flapple,#841,,,,,,,,,,,,,,,,,
Appletun,#842,,,,,,,,,,,,,,,,,
Silicobra,#843,,,,,,,,,,,,,,,,,
Sandaconda,#844,#NAME?,-,,,,,,,,,,,,,,,
Cramorant,#845,#NAME?,-,,,,,,,,,,,,,,,
Arrokuda,#846,,,,,,,,,,,,,,,,,
Barraskewda,#847,,,,,,,,,,,,,,,,,
Toxel,#848,,,,,,,,,,,,,,,,,
Toxtricity,#849,#NAME?,-,,,,,,,,,,,,,,,
Sizzlipede,#850,,,,,,,,,,,,,,,,,
Centiskorch,#851,,,,,,,,,,,,,,,,,
Clobbopus,#852,,,,,,,,,,,,,,,,,
Grapploct,#853,,,,,,,,,,,,,,,,,
Sinistea,#854,,,,,,,,,,,,,,,,,
Polteageist,#855,,,,,,,,,,,,,,,,,
Hatenna,#856,,,,,,,,,,,,,,,,,
Hattrem,#857,,,,,,,,,,,,,,,,,
Hatterene,#858,,,,,,,,,,,,,,,,,
Impidimp,#859,,,,,,,,,,,,,,,,,
Morgrem,#860,,,,,,,,,,,,,,,,,
Grimmsnarl,#861,,,,,,,,,,,,,,,,,
Obstagoon,#862,,,,,,,,,,,,,,,,,
Perrserker,#863,,,,,,,,,,,,,,,,,
Cursola,#864,,,,,,,,,,,,,,,,,
Sirfetch'd,#865,,,,,,,,,,,,,,,,,
Mr. Rime,#866,,,,,,,,,,,,,,,,,
Runerigus,#867,,,,,,,,,,,,,,,,,
Milcery,#868,,,,,,,,,,,,,,,,,
Alcremie,#869,,,,,,,,,,,,,,,,,
Falinks,#870,,,,,,,,,,,,,,,,,
Pincurchin,#871,,,,,,,,,,,,,,,,,
Snom,#872,,,,,,,,,,,,,,,,,
Frosmoth,#873,,,,,,,,,,,,,,,,,
Stonjourner,#874,,,,,,,,,,,,,,,,,
Eiscue,#875,,,,,,,,,,,,,,,,,
Indeedee,#876,,,,,,,,,,,,,,,,,
Morpeko,#877,,,,,,,,,,,,,,,,,
Cufant,#878,,,,,,,,,,,,,,,,,
Copperajah,#879,,,,,,,,,,,,,,,,,
Dracozolt,#880,,,,,,,,,,,,,,,,,
Arctozolt,#881,,,,,,,,,,,,,,,,,
Dracovish,#882,,,,,,,,,,,,,,,,,
Arctovish,#883,,,,,,,,,,,,,,,,,
Duraludon,#884,,,,,,,,,,,,,,,,,
Dreepy,#885,,,,,,,,,,,,,,,,,
Drakloak,#886,,,,,,,,,,,,,,,,,
Dragapult,#887,,,,,,,,,,,,,,,,,
Zacian,#888,#NAME?,,,,,,,,,,,,,,,,
Zamazenta,#889,#NAME?,-,,,,,,,,,,,,,,,
Eternatus,#890,,,,,,,,,,,,,,,,,
Kubfu,#891,,,,,,,,,,,,,,,,,
Urshifu,#892,,,,,,,,,,,,,,,,,
Zarude,#893,,,,,,,,,,,,,,,,,
Regieleki,#894,,,,,,,,,,,,,,,,,
Regidrago,#895,,,,,,,,,,,,,,,,,
Glastrier,#896,,,,,,,,,,,,,,,,,
Spectrier,#897,,,,,,,,,,,,,,,,,
Calyrex,#898,,,,,,,,,,,,,,,,,
Wyrdeer,#899,,,,,,,,,,,,,,,,,
Kleavor,#900,,,,,,,,,,,,,,,,,
Ursulana,#901,#NAME?,,,,,,,,,,,,,,,,
Basculegion,#902,,,,,,,,,,,,,,,,,
Sneasler,#903,,,,,,,,,,,,,,,,,
Overquil,#904,,,,,,,,,,,,,,,,,
Enamorus,#905,,,,,,,,,,,,,,,,,
,,,,,,,,,,,,,,,,,,
,,,,,,,,,,,,,,,,,,
,,,,,,,,,,,,,,,,,,
,,,,,,,,,,,,,,,,,,
,,,,,,,,,,,,,,,,,,
,,,,,,,,,,,,,,,,,,
,,,,,,,,,,,,,,,,,,
,,,,,,,,,,,,,,,,,,
,,,,,,,,,,,,,,,,,,
,,,,,,,,,,,,,,,,,,
,,,,,,,,,,,,,,,,,,
,,,,,,,,,,,,,,,,,,
,,,,,,,,,,,,,,,,,,
,,,,,,,,,,,,,,,,,,
,,,,,,,,,,,,,,,,,,
,,,,,,,,,,,,,,,,,,
,,,,,,,,,,,,,,,,,,
,,,,,,,,,,,,,,,,,,
,,,,,,,,,,,,,,,,,,
,,,,,,,,,,,,,,,,,,
,,,,,,,,,,,,,,,,,,
,,,,,,,,,,,,,,,,,,
,,,,,,,,,,,,,,,,,,
,,,,,,,,,,,,,,,,,,
,,,,,,,,,,,,,,,,,,
,,,,,,,,,,,,,,,,,,
,,,,,,,,,,,,,,,,,,
,,,,,,,,,,,,,,,,,,
,,,,,,,,,,,,,,,,,,
,,,,,,,,,,,,,,,,,,
,,,,,,,,,,,,,,,,,,
,,,,,,,,,,,,,,,,,,
,,,,,,,,,,,,,,,,,,
,,,,,,,,,,,,,,,,,,
,,,,,,,,,,,,,,,,,,
,,,,,,,,,,,,,,,,,,
,,,,,,,,,,,,,,,,,,
,,,,,,,,,,,,,,,,,,
,,,,,,,,,,,,,,,,,,
,,,,,,,,,,,,,,,,,,
,,,,,,,,,,,,,,,,,,
,,,,,,,,,,,,,,,,,,
,,,,,,,,,,,,,,,,,,
,,,,,,,,,,,,,,,,,,
,,,,,,,,,,,,,,,,,,
,,,,,,,,,,,,,,,,,,
,,,,,,,,,,,,,,,,,,
,,,,,,,,,,,,,,,,,,
,,,,,,,,,,,,,,,,,,
,,,,,,,,,,,,,,,,,,
,,,,,,,,,,,,,,,,,,
,,,,,,,,,,,,,,,,,,
,,,,,,,,,,,,,,,,,,
,,,,,,,,,,,,,,,,,,
,,,,,,,,,,,,,,,,,,
,,,,,,,,,,,,,,,,,,
,,,,,,,,,,,,,,,,,,
,,,,,,,,,,,,,,,,,,
,,,,,,,,,,,,,,,,,,
,,,,,,,,,,,,,,,,,,
,,,,,,,,,,,,,,,,,,
,,,,,,,,,,,,,,,,,,
,,,,,,,,,,,,,,,,,,
,,,,,,,,,,,,,,,,,,
,,,,,,,,,,,,,,,,,,
,,,,,,,,,,,,,,,,,,
,,,,,,,,,,,,,,,,,,
,,,,,,,,,,,,,,,,,,
,,,,,,,,,,,,,,,,,,
,,,,,,,,,,,,,,,,,,
,,,,,,,,,,,,,,,,,,
,,,,,,,,,,,,,,,,,,
,,,,,,,,,,,,,,,,,,
,,,,,,,,,,,,,,,,,,
,,,,,,,,,,,,,,,,,,
,,,,,,,,,,,,,,,,,,
,,,,,,,,,,,,,,,,,,
,,,,,,,,,,,,,,,,,,
,,,,,,,,,,,,,,,,,,
,,,,,,,,,,,,,,,,,,
,,,,,,,,,,,,,,,,,,
,,,,,,,,,,,,,,,,,,
,,,,,,,,,,,,,,,,,,
,,,,,,,,,,,,,,,,,,
,,,,,,,,,,,,,,,,,,
,,,,,,,,,,,,,,,,,,
,,,,,,,,,,,,,,,,,,
,,,,,,,,,,,,,,,,,,
,,,,,,,,,,,,,,,,,,
,,,,,,,,,,,,,,,,,,
,,,,,,,,,,,,,,,,,,
